"Bias_Level","Bias_Label","AUROC_CADE","AUROC_Unadj","CCI_TrueDE_Mean","CCI_BG_Mean","CCI_Separation","Prop_Correlation"
0,"0%",1,1,0.0376309966559723,0.353751186168449,0.316120189512477,0.0707285517711664
0.1,"10%",1,1,0.0594500161619126,0.501026422997501,0.441576406835588,-0.0288889117455026
0.25,"25%",1,0.999626279863481,0.0586722453511834,0.442555220382628,0.383882975031445,0.0112738868195127
0.5,"50%",0.999865756541524,0.989397042093266,0.160791507657075,0.646636258587588,0.485844750930513,-0.00952260250053965
1,"100%",0.995886234357222,0.901526734926058,0.334150378838009,0.695890267814828,0.361739888976819,0.0147351592556659
