"Metric","Value"
"Mean",0.78371971548558
"Median",0.94474004660654
"SD",0.281400928607236
"Q05",0.17729237560802
"Q25",0.612508180414122
"Q75",1
"Q95",1
"N_Genes",3962
