"Scenario","PropCor_CADE","PropCor_Simple","AUROC_CADE","AUROC_Unadj","CCI_TrueDE","CCI_Background"
"Strong_DE_large_bias",0.861118518930966,0.933063231356417,0.986602777777772,0.945075694444465,0.288773700909934,0.713461874266329
"Strong_DE_no_bias",0.888711660296389,0.899206059512636,0.99983680555555,0.99980416666666,0.027216180941778,0.308517190558907
"Weak_DE_large_bias",0.828057255817249,0.942926386963471,0.992624915824886,0.940075420875417,0.318030267655749,0.752474632880998
