CADE_cell_type,Ground_truth_cell_types,Pearson_r,p_value,RMSE,MAE,Mean_CADE,Mean_GT,SD_CADE,SD_GT
CD4_Tcells,CD4_T_Cells+CD4_Naive+CD4_TCM,0.9154683342829498,1.439794026605472e-10,0.12494657734892918,0.1084609078597616,0.14699774054195244,0.2384119633922397,0.02553119892562683,0.10969703064740634
Macrophages,Macrophages,0.8001459979227118,1.5780499216361991e-06,0.07721674726352759,0.06111632695482563,0.09904853243877251,0.1473217340037645,0.015929272724594084,0.0735090125564201
NK_cells,NK,0.7994163098836047,1.6392637217118606e-06,0.05811112345749757,0.04426704372954708,0.10300732187979035,0.10357657462093706,0.01688157094367335,0.07192833791424627
B_cells,B_Naive+Plasmablast,0.7749770071175995,5.400988765571982e-06,0.058145790950515024,0.043361858046550406,0.11863964104110612,0.10650321552109038,0.018291468065222125,0.0710502529268838
CD8_Tcells,CD8_T_Cells+CD8_Naive+CD8_TEM,0.7474881695628401,1.7535299397908095e-05,0.09623030171606162,0.07559511225434418,0.1940310070687241,0.19951854083107382,0.023070071940994315,0.11409446938446988
Erythrocytes,Eryth,0.7375982801122101,2.5851942427813798e-05,0.07923280107429478,0.065715719620239,0.07210283628545187,0.01967075657728237,0.05946202590811775,0.08928628918054309
Monocytes,CD14_Mono+CD16_Mono,0.6746293626519256,0.0002166798368664678,0.08030985216488891,0.060828877683302196,0.20606970092818738,0.1849972150536122,0.02246042464842472,0.09248927985285324
Neutrophils,none,,,0.0611557719127963,0.06010321981601525,0.06010321981601525,0.0,0.01153036778457748,0.0
