"top_cts","auroc","cumvar_explained"
1,0.990346428571469,0.59189344315008
2,0.990205357142894,0.844813683875553
3,0.997805357142891,0.972555180846613
4,0.998583928571458,0.999999999999975
5,0.998583928571458,1
